SAMPLE	PRS_RAW	PRS_ZSCORE	PERCENTILE	RISK_CATEGORY	VARIANTS_USED	VARIANTS_IMPUTED
PATIENT_001	1.300767	1.7848	95.0	HIGH_RISK	45	0
PATIENT_002	0.909402	0.9277	85.0	ELEVATED	45	0
PATIENT_003	0.786255	0.6580	80.0	ELEVATED	45	0
PATIENT_004	1.347180	1.8864	100.0	HIGH_RISK	45	0
PATIENT_005	0.526655	0.0895	55.0	AVERAGE	45	0
PATIENT_006	0.186546	-0.6553	30.0	AVERAGE	45	0
PATIENT_007	0.331961	-0.3368	35.0	AVERAGE	45	0
PATIENT_008	0.694710	0.4576	70.0	AVERAGE	45	0
PATIENT_009	-0.099941	-1.2826	10.0	LOW_RISK	45	0
PATIENT_010	0.158538	-0.7166	25.0	AVERAGE	45	0
PATIENT_011	0.695871	0.4601	75.0	AVERAGE	45	0
PATIENT_012	0.080761	-0.8869	15.0	LOW_RISK	45	0
PATIENT_013	0.379040	-0.2337	50.0	AVERAGE	45	0
PATIENT_014	0.596210	0.2419	60.0	AVERAGE	45	0
PATIENT_015	0.378910	-0.2340	45.0	AVERAGE	45	0
PATIENT_016	0.113752	-0.8147	20.0	AVERAGE	45	0
PATIENT_017	0.622548	0.2995	65.0	AVERAGE	45	0
PATIENT_018	0.962619	1.0443	90.0	ELEVATED	45	0
PATIENT_019	-0.630299	-2.4441	5.0	LOW_RISK	45	0
PATIENT_020	0.373815	-0.2452	40.0	AVERAGE	45	0
